<GRAMMAR LANGID="409">
    <DEFINE>
        <ID NAME="VID_Counter" VAL="1"/>
        <ID NAME="VID_Office" VAL="2"/>
        <ID NAME="VID_Iced" VAL="8"/>
        <ID NAME="VID_Decaf" VAL="9"/>
        <ID NAME="VID_Single" VAL="10"/>
        <ID NAME="VID_Double" VAL="11"/>
        <ID NAME="VID_Triple" VAL="12"/>
        <ID NAME="VID_Quad" VAL="13"/>
        <ID NAME="VID_Short" VAL="14"/>
        <ID NAME="VID_Tall" VAL="15"/>
        <ID NAME="VID_Grande" VAL="16"/>
        <ID NAME="VID_Hazelnut" VAL="17"/>
        <ID NAME="VID_Irish" VAL="18"/>
        <ID NAME="VID_Almond" VAL="19"/>
        <ID NAME="VID_Peppermint" VAL="20"/>
        <ID NAME="VID_Nonfat" VAL="21"/>
        <ID NAME="VID_Twoper" VAL="22"/>
        <ID NAME="VID_Whole" VAL="23"/>
        <ID NAME="VID_Latte" VAL="24"/>
        <ID NAME="VID_Mocha" VAL="25"/>
        <ID NAME="VID_Espresso" VAL="26"/>
        <ID NAME="VID_Americano" VAL="27"/>
        <ID NAME="VID_Cappuch" VAL="28"/>
        <ID NAME="VID_Place" VAL="253"/>
        <ID NAME="VID_Navigation" VAL="254"/>
        <ID NAME="VID_EspressoDrinks" VAL="255"/>
        <ID NAME="VID_IcedOrNot" VAL="256"/>
        <ID NAME="VID_DecafOrNot" VAL="257"/>
        <ID NAME="VID_Shots" VAL="258"/>
        <ID NAME="VID_Syrup" VAL="259"/>
        <ID NAME="VID_Milk" VAL="260"/>
        <ID NAME="VID_Size" VAL="261"/>
        <ID NAME="VID_DrinkType" VAL="262"/>
        <ID NAME="VID_OrderList" VAL="263"/>
    </DEFINE>
    <RULE ID="VID_EspressoDrinks" TOPLEVEL="ACTIVE">
        <O>
            <L>
                <P>May I have</P>
                <P>Can I have</P>
                <P>Can I get</P>
                <P>Please get me</P>
                <P>Get me</P>
                <P>I'd like</P>
                <P>I would like</P>
            </L>
        </O>
        <O>a</O>
		<P MIN="1" MAX="7">
		    <RULEREF REFID="VID_OrderList"/>
		</P>
        <O>please</O>
    </RULE>
    <RULE ID="VID_Navigation" TOPLEVEL="ACTIVE">
        <O>Please</O>
        <P>
            <L>
                <P>Enter</P>
                <P>Go to</P>
            </L>
        </P>
        <O>the</O>
        <RULEREF REFID="VID_Place" /> 
    </RULE>
    <RULE ID="VID_Place" >
        <L PROPID="VID_Place">
            <P VAL="VID_Counter">counter</P>
            <P VAL="VID_Counter">shop</P>
            <P VAL="VID_Counter">store</P>
            <P VAL="VID_Office">office</P>
        </L>
    </RULE>
    <RULE ID="VID_IcedOrNot" >
        <L PROPID="VID_IcedOrNot">
            <P VAL="VID_Iced">Iced</P>
        </L>
    </RULE>
    <RULE ID="VID_DecafOrNot" >
        <L PROPID="VID_DecafOrNot">
            <P VAL="VID_Decaf">Decaf</P>
            <P VAL="VID_Decaf">Decaffeinated</P>
        </L>
    </RULE>
    <RULE ID="VID_Shots" >
        <L PROPID="VID_Shots">
            <P VAL="VID_Single">Single</P>
            <P VAL="VID_Double">Double</P>
            <P VAL="VID_Triple">Triple</P>
            <P VAL="VID_Quad">Quad</P>
        </L>
    </RULE>
    <RULE ID="VID_Size" >
        <L PROPID="VID_Size">
            <P VAL="VID_Short">Short</P>
            <P VAL="VID_Tall">Tall</P>
            <P VAL="VID_Grande">Grande</P>
        </L>
    </RULE>
    <RULE ID="VID_Syrup" >
        <L PROPID="VID_Syrup">
            <P VAL="VID_Hazelnut">Hazelnut</P>
            <P VAL="VID_Irish">Irish Cream</P>
            <P VAL="VID_Almond">Almond</P>
            <P VAL="VID_Peppermint">Peppermint</P>
        </L>
    </RULE>
    <RULE ID="VID_Milk" >
        <L PROPID="VID_Milk">
            <P VAL="VID_Nonfat">Nonfat</P>
            <P VAL="VID_Twoper">Two Percent</P>
            <P VAL="VID_Whole">Whole</P>
        </L>
    </RULE>
    <RULE ID="VID_DrinkType" >
        <L PROPID="VID_DrinkType">
            <P VAL="VID_Latte">Latte</P>
            <P VAL="VID_Mocha">Mocha</P>
            <P VAL="VID_Espresso">Espresso</P>
            <P VAL="VID_Americano">Americano</P>
            <P VAL="VID_Cappuch">Cappuccino</P>
        </L>
    </RULE>
    <RULE ID="VID_OrderList" >
        <L>
            <RULEREF REFID="VID_IcedOrNot" PROPID="VID_IcedOrNot"/> 
            <RULEREF REFID="VID_DecafOrNot" PROPID="VID_DecafOrNot"/> 
            <RULEREF REFID="VID_Shots" PROPID="VID_Shots"/> 
            <RULEREF REFID="VID_Syrup" PROPID="VID_Syrup"/> 
            <RULEREF REFID="VID_Milk" PROPID="VID_Milk"/> 
            <RULEREF REFID="VID_Size" PROPID="VID_Size"/> 
            <RULEREF REFID="VID_DrinkType" PROPID="VID_DrinkType"/> 
        </L>
    </RULE>
</GRAMMAR>
